layer,name,value,unit,source,page_or_url,status,rationale,source_line,source_sha256
paper_reference,upstream_length_m,1000,m,Cai2024,PDF p4 Fig.4 and text (l1+l2),paper_explicit,Published reference; does not grant controller access to global state.,,
paper_reference,downstream_length_m,200,m,Cai2024,PDF p4 Fig.4 and text (l3),paper_explicit,Published reference; does not grant controller access to global state.,,
paper_reference,upstream_lanes,3,lane,Cai2024,PDF p3-4 Fig.4,paper_explicit,Published reference; does not grant controller access to global state.,,
paper_reference,downstream_lanes,2,lane,Cai2024,PDF p3-4 Fig.4,paper_explicit,Published reference; does not grant controller access to global state.,,
paper_reference,lane_drop_side,"""left""",category,Cai2024,PDF p4 Fig.4; eastbound upper lane ends,paper_figure_interpretation,Published reference; does not grant controller access to global state.,,
paper_reference,gap_table_m,15,m,Cai2024,PDF p3 Table I; DOI 10.1109/IV55156.2024.10588701,paper_explicit,"Table wording safe one-lane following gap; reference-point semantics supplemented by modified source, not equated to net gap.",,
paper_reference,formation_switch_period_s,5,s,Cai2024,PDF p3 Table I; DOI 10.1109/IV55156.2024.10588701,paper_explicit,"Structure switching period, never numerical integration dt.",,
paper_reference,desired_speed_mps,28.8,m/s,Cai2024,PDF p3 Table I; DOI 10.1109/IV55156.2024.10588701,paper_explicit,Published reference; does not grant controller access to global state.,,
paper_reference,min_speed_mps,0,m/s,Cai2024,PDF p3 Table I; DOI 10.1109/IV55156.2024.10588701,paper_explicit,Published reference; does not grant controller access to global state.,,
paper_reference,max_speed_mps,33.3,m/s,Cai2024,PDF p3 Table I; DOI 10.1109/IV55156.2024.10588701,paper_explicit,Published reference; does not grant controller access to global state.,,
paper_reference,min_accel_mps2,-10,m/s^2,Cai2024,PDF p3 Table I; DOI 10.1109/IV55156.2024.10588701,paper_explicit,Published reference; does not grant controller access to global state.,,
paper_reference,max_accel_mps2,5,m/s^2,Cai2024,PDF p3 Table I; DOI 10.1109/IV55156.2024.10588701,paper_explicit,Published reference; does not grant controller access to global state.,,
paper_reference,steering_bound_deg,40,deg,Cai2024,PDF p3 Table I; DOI 10.1109/IV55156.2024.10588701,paper_explicit,Symmetric plus/minus bound; must also respect speed-dependent tire/acceleration constraints.,,
paper_reference,flow_levels_per_lane_hour,"[1250, 1500, 1750, 2000]",veh/(lane*h),Cai2024,PDF p4 text; p5 Fig.5,paper_explicit,Published reference; does not grant controller access to global state.,,
paper_reference,cav_penetrations,"[0, 0.1, 0.2, 0.3, 0.4, 0.5, 0.6, 0.7, 0.8, 0.9, 1]",fraction,Cai2024,PDF p4 text,paper_explicit,CAV MPR in paper; NOA adoption in the new study has different semantics.,,
paper_reference,paper_matlab,"""2023b""",version,Cai2024,PDF p3 Table I; DOI 10.1109/IV55156.2024.10588701,paper_explicit,Published reference; does not grant controller access to global state.,,
paper_reference,paper_sumo,"""0.32.0""",version,Cai2024,PDF p3 Table I; DOI 10.1109/IV55156.2024.10588701,paper_explicit,Published reference; does not grant controller access to global state.,,
paper_reference,s1_s2_boundary,"""not fixed""",category,Cai2024,PDF p4 text,paper_explicit,Do not impose the modified-source x=640 m as a paper setting or controller input.,,
no_comm_main,lane_width_m,3.3,m,D:/matlab_huipu_2000/mainmain.m,D:/matlab_huipu_2000/mainmain.m:100,source_explicit_modified,Planning width adopted explicitly in each new physical lane.,100,9cea997d1df84aa6ad3d6b971b8232296f7043fd3e6d93460547909877857ef0
no_comm_main,length_m,4,m,D:/matlab_huipu_2000/New_Vehicle_frc.m,D:/matlab_huipu_2000/New_Vehicle_frc.m:10,source_explicit_modified,Same explicit 4 m length for all agents; no branded identity.,10,e4329f4df810d7a697d7c8085d0b391aea7453537e1336a1184eb212fc6e1a4e
no_comm_main,width_m,1.8,m,This study generic passenger-car development assumptions,docs/paper_alignment.md; research spec sections 6-7,supplementary_assumption_unvalidated,"Explicit development value, not a claimed paper parameter or branded vehicle; validate and vary before scientific use.",,
no_comm_main,wheelbase_m,2.7,m,This study generic passenger-car development assumptions,docs/paper_alignment.md; research spec sections 6-7,supplementary_assumption_unvalidated,"Explicit development value, not a claimed paper parameter or branded vehicle; validate and vary before scientific use.",,
no_comm_main,cg_to_front_axle_m,1.35,m,This study generic passenger-car development assumptions,docs/paper_alignment.md; research spec sections 6-7,supplementary_assumption_unvalidated,"Symmetric generic geometry; CG equals geometric body center, not rear axle or SUMO front bumper.",,
no_comm_main,cg_to_rear_axle_m,1.35,m,This study generic passenger-car development assumptions,docs/paper_alignment.md; research spec sections 6-7,supplementary_assumption_unvalidated,"Explicit development value, not a claimed paper parameter or branded vehicle; validate and vary before scientific use.",,
no_comm_main,front_overhang_m,0.65,m,This study generic passenger-car development assumptions,docs/paper_alignment.md; research spec sections 6-7,supplementary_assumption_unvalidated,"Explicit development value, not a claimed paper parameter or branded vehicle; validate and vary before scientific use.",,
no_comm_main,rear_overhang_m,0.65,m,This study generic passenger-car development assumptions,docs/paper_alignment.md; research spec sections 6-7,supplementary_assumption_unvalidated,"Explicit development value, not a claimed paper parameter or branded vehicle; validate and vary before scientific use.",,
no_comm_main,mass_kg,1500,kg,This study generic passenger-car development assumptions,docs/paper_alignment.md; research spec sections 6-7,supplementary_assumption_unvalidated,Assumed mass; neither MAT variable m nor fuel multiplier 1.2 determines mass.,,
no_comm_main,yaw_inertia_kgm2,2500,kg*m^2,This study generic passenger-car development assumptions,docs/paper_alignment.md; research spec sections 6-7,supplementary_assumption_unvalidated,"Explicit development value, not a claimed paper parameter or branded vehicle; validate and vary before scientific use.",,
no_comm_main,front_cornering_stiffness_N_per_rad,80000,N/rad,This study generic passenger-car development assumptions,docs/paper_alignment.md; research spec sections 6-7,supplementary_assumption_unvalidated,"Entire front axle linear stiffness, not one tire; limited to small-slip regime in future model.",,
no_comm_main,rear_cornering_stiffness_N_per_rad,80000,N/rad,This study generic passenger-car development assumptions,docs/paper_alignment.md; research spec sections 6-7,supplementary_assumption_unvalidated,"Entire rear axle linear stiffness, not one tire; limited to small-slip regime in future model.",,
no_comm_main,road_friction_coefficient,0.9,1,This study generic passenger-car development assumptions,docs/paper_alignment.md; research spec sections 6-7,supplementary_assumption_unvalidated,"Explicit development value, not a claimed paper parameter or branded vehicle; validate and vary before scientific use.",,
no_comm_main,gravity_mps2,9.81,m/s^2,This study generic passenger-car development assumptions,docs/paper_alignment.md; research spec sections 6-7,supplementary_assumption_unvalidated,Declared engineering approximation.,,
no_comm_main,acceleration_lag_s,0.2,s,This study generic passenger-car development assumptions,docs/paper_alignment.md; research spec sections 6-7,supplementary_assumption_unvalidated,"Explicit development value, not a claimed paper parameter or branded vehicle; validate and vary before scientific use.",,
no_comm_main,steering_lag_s,0.15,s,This study generic passenger-car development assumptions,docs/paper_alignment.md; research spec sections 6-7,supplementary_assumption_unvalidated,"Explicit development value, not a claimed paper parameter or branded vehicle; validate and vary before scientific use.",,
no_comm_main,max_steering_rate_radps,0.5,rad/s,This study generic passenger-car development assumptions,docs/paper_alignment.md; research spec sections 6-7,supplementary_assumption_unvalidated,"Explicit development value, not a claimed paper parameter or branded vehicle; validate and vary before scientific use.",,
no_comm_main,max_steering_rad,0.6981317007977318,rad,Cai2024,PDF p3 Table I,derived_from_paper,"40*pi/180; a physical bound, not an unrestricted high-speed command.",,
no_comm_main,min_accel_mps2,-10,m/s^2,Cai2024,PDF p3 Table I,paper_explicit,Hard development envelope; not evidence of available tire-limited braking in all states.,,
no_comm_main,max_accel_mps2,5,m/s^2,Cai2024,PDF p3 Table I,paper_explicit,"Hard paper envelope, separate from comfort.",,
no_comm_main,comfort_accel_mps2,2,m/s^2,This study generic passenger-car development assumptions,docs/paper_alignment.md; research spec sections 6-7,supplementary_assumption_unvalidated,"Explicit development value, not a claimed paper parameter or branded vehicle; validate and vary before scientific use.",,
no_comm_main,comfort_braking_mps2,3,m/s^2,This study generic passenger-car development assumptions,docs/paper_alignment.md; research spec sections 6-7,supplementary_assumption_unvalidated,"Explicit development value, not a claimed paper parameter or branded vehicle; validate and vary before scientific use.",,
no_comm_main,comfort_lateral_accel_mps2,2,m/s^2,This study generic passenger-car development assumptions,docs/paper_alignment.md; research spec sections 6-7,supplementary_assumption_unvalidated,"Explicit development value, not a claimed paper parameter or branded vehicle; validate and vary before scientific use.",,
no_comm_main,comfort_jerk_mps3,2,m/s^3,This study generic passenger-car development assumptions,docs/paper_alignment.md; research spec sections 6-7,supplementary_assumption_unvalidated,"Explicit development value, not a claimed paper parameter or branded vehicle; validate and vary before scientific use.",,
no_comm_main,low_speed_blend_start_mps,1,m/s,This study generic passenger-car development assumptions,docs/paper_alignment.md; research spec sections 6-7,supplementary_assumption_unvalidated,"Explicit development value, not a claimed paper parameter or branded vehicle; validate and vary before scientific use.",,
no_comm_main,low_speed_blend_end_mps,3,m/s,This study generic passenger-car development assumptions,docs/paper_alignment.md; research spec sections 6-7,supplementary_assumption_unvalidated,"Explicit development value, not a claimed paper parameter or branded vehicle; validate and vary before scientific use.",,
no_comm_main,dynamics_dt_s,0.01,s,This study generic passenger-car development assumptions,docs/paper_alignment.md; research spec sections 6-7,supplementary_assumption_unvalidated,Future continuous model integrator dt; not yet implemented.,,
no_comm_main,control_sync_dt_s,0.1,s,This study generic passenger-car development assumptions,docs/paper_alignment.md; research spec sections 6-7,supplementary_assumption_unvalidated,"Explicit development value, not a claimed paper parameter or branded vehicle; validate and vary before scientific use.",,
no_comm_main,perception_dt_s,0.1,s,This study generic passenger-car development assumptions,docs/paper_alignment.md; research spec sections 6-7,supplementary_assumption_unvalidated,"Explicit development value, not a claimed paper parameter or branded vehicle; validate and vary before scientific use.",,
no_comm_main,behavior_dt_s,0.5,s,This study generic passenger-car development assumptions,docs/paper_alignment.md; research spec sections 6-7,supplementary_assumption_unvalidated,"Explicit development value, not a claimed paper parameter or branded vehicle; validate and vary before scientific use.",,
no_comm_main,front_range_m,200,m,This study generic passenger-car development assumptions,docs/paper_alignment.md; research spec sections 6-7,supplementary_assumption_unvalidated,"Explicit development value, not a claimed paper parameter or branded vehicle; validate and vary before scientific use.",,
no_comm_main,rear_range_m,100,m,This study generic passenger-car development assumptions,docs/paper_alignment.md; research spec sections 6-7,supplementary_assumption_unvalidated,"Explicit development value, not a claimed paper parameter or branded vehicle; validate and vary before scientific use.",,
no_comm_main,side_range_m,50,m,This study generic passenger-car development assumptions,docs/paper_alignment.md; research spec sections 6-7,supplementary_assumption_unvalidated,"Explicit development value, not a claimed paper parameter or branded vehicle; validate and vary before scientific use.",,
no_comm_main,perception_mode,"""ideal_range_limited""",mode,User instruction 2026-09-10,docs/paper_alignment.md; research spec sections 6-7,research_requirement,Only exact current observations inside the finite ego-frame region; no non-ideal sensor implementation or experiments.,,
no_comm_main,perception_region,"""ego_aligned_rectangle_inclusive""",geometry,This study generic passenger-car development assumptions,docs/paper_alignment.md; research spec sections 6-7,research_requirement,-rear_range_m <= relative_x <= front_range_m and abs(relative_y) <= side_range_m; no field-of-view angle or occlusion filter.,,
no_comm_main,sensor_delay_s,0,s,User instruction 2026-09-10,docs/paper_alignment.md; research spec sections 6-7,research_requirement,Measurement timestamp equals each perception update time. Sampling and actuator response remain modeled; no additional sensor delay.,,
no_comm_main,occlusion_enabled,false,bool,User instruction 2026-09-10,docs/paper_alignment.md; research spec sections 6-7,research_requirement,"Every in-range target is observed even if another vehicle is between ego and target; measurements are exact, with no noise, missed detections or sensor outages.",,
no_comm_main,nominal_reference_spacing_m,15,m,D:/matlab_huipu_2000/formationControl.m,D:/matlab_huipu_2000/formationControl.m:7,source_explicit_modified,d_ref; same-lane nominal reference spacing 2*d_ref; dynamic safety can enlarge or abandon.,7,deb43b436f5b48747c50370491cecfeac6cd9a82f88cf87a60f693cb4e8069e8
no_comm_main,static_map_enabled,false,bool,This study generic passenger-car development assumptions,docs/paper_alignment.md; research spec sections 6-7,research_requirement,Lane drop must be observed locally; global road coordinate cannot be a controller trigger.,,
no_comm_main,communication_enabled,false,bool,This study generic passenger-car development assumptions,docs/paper_alignment.md; research spec sections 6-7,research_requirement,"No V2V/V2I, global grouping or shared plans.",,
no_comm_main,formation_enabled,false,bool,This study generic passenger-car development assumptions,docs/paper_alignment.md; research spec sections 6-7,research_requirement,Stage 0-1 only; no implemented controller or formation claim.,,
no_comm_main,energy_analysis_enabled,false,bool,This study generic passenger-car development assumptions,docs/paper_alignment.md; research spec sections 6-7,research_requirement,"No energy comparison before dynamics, synchronization and units validation.",,
no_comm_main,candidate_emission_class,"""HBEFA3/PC_G_EU4""",SUMO class,SUMO HBEFA3 generic passenger gasoline Euro 4 category,https://sumo.dlr.de/docs/Models/Emissions/HBEFA-based.html,supplementary_model_choice_unvalidated,"Explicit candidate category, not a branded vehicle or calibration to the assumed mass; no energy output used this phase.",,
no_comm_main,legacy_vsp_enabled,false,bool,This study generic passenger-car development assumptions,docs/paper_alignment.md; research spec sections 6-7,research_requirement,Legacy formula units and normalization unresolved.,,
topology_smoke,car_follow_model,"""IDM""",model,This study topology test protocol,docs/phase01_implementation_plan.md,supplementary_topology_test_setting,"Only SUMO native road testing, not the NOA baseline or published behavior.",,
topology_smoke,lane_change_model,"""LC2013""",model,This study topology test protocol,docs/phase01_implementation_plan.md,supplementary_topology_test_setting,"Only SUMO native road testing, not the NOA baseline or published behavior.",,
topology_smoke,vehicle_class,"""passenger""",SUMO class,This study topology test protocol,docs/phase01_implementation_plan.md,supplementary_topology_test_setting,"Only SUMO native road testing, not the NOA baseline or published behavior.",,
topology_smoke,gui_shape,"""passenger""",category,This study topology test protocol,docs/phase01_implementation_plan.md,supplementary_topology_test_setting,Rendering category only; no brand inference.,,
topology_smoke,collision_action,"""warn""",policy,This study topology test protocol,docs/phase01_implementation_plan.md,supplementary_topology_test_setting,Retain diagnostics; any reported collision fails the smoke gate.,,
topology_smoke,collision_check_junctions,true,bool,This study topology test protocol,docs/phase01_implementation_plan.md,supplementary_topology_test_setting,"Only SUMO native road testing, not the NOA baseline or published behavior.",,
topology_smoke,seed,20260910,integer,This study topology test protocol,docs/phase01_implementation_plan.md,supplementary_topology_test_setting,"Only SUMO native road testing, not the NOA baseline or published behavior.",,
topology_smoke,demand_dt_s,0.1,s,D:/matlab_huipu_2000/mainmain.m,D:/matlab_huipu_2000/mainmain.m:101,source_explicit_modified,Bernoulli trial interval of the reference mechanism; exact q converted to probability.,101,9cea997d1df84aa6ad3d6b971b8232296f7043fd3e6d93460547909877857ef0
topology_smoke,demand_duration_s,600,s,This study topology test protocol,docs/phase01_implementation_plan.md,supplementary_topology_test_setting,New finite cohort horizon; source ran to 600 s but original warmup/drain protocol not established.,,
topology_smoke,smoke_demand_duration_s,60,s,This study topology test protocol,docs/phase01_implementation_plan.md,supplementary_topology_test_setting,Only q=1250 first 60 s are simulated in smoke; other files are generated and checked only.,,
topology_smoke,smoke_end_s,240,s,This study topology test protocol,docs/phase01_implementation_plan.md,supplementary_topology_test_setting,"Maximum drain timeout; residual vehicles cause failure, not silent dropping.",,
topology_smoke,smoke_q_per_lane_hour,1250,veh/(lane*h),This study topology test protocol,docs/phase01_implementation_plan.md,supplementary_topology_test_setting,"Only SUMO native road testing, not the NOA baseline or published behavior.",,
topology_smoke,hidden_noa_fraction,1,fraction,This study topology test protocol,docs/phase01_implementation_plan.md,supplementary_topology_test_setting,"Offline type labels for demand initialization, not neighbor observations; smoke vType is native_probe for every vehicle.",,
topology_smoke,departure_speed_mps,28.8,m/s,This study topology test protocol,docs/phase01_implementation_plan.md,supplementary_boundary_condition,Constant attempted entry speed chosen equal to paper desired speed; paper does not specify the random insertion details.,,
topology_smoke,departure_position_m,4,m,This study topology test protocol,docs/phase01_implementation_plan.md,supplementary_topology_test_setting,"SUMO front bumper position, so a 4 m car starts fully inside x>=0.",,
topology_smoke,sumo_dt_s,0.1,s,This study topology test protocol,docs/phase01_implementation_plan.md,supplementary_topology_test_setting,"Only SUMO native road testing, not the NOA baseline or published behavior.",,
topology_smoke,lanechange_duration_s,3,s,This study topology test protocol,docs/phase01_implementation_plan.md,supplementary_topology_test_setting,"Native continuous lane-change test option, not proof of steering/yaw dynamics.",,
topology_smoke,accel_mps2,2,m/s^2,This study topology test protocol,docs/phase01_implementation_plan.md,supplementary_topology_test_setting,"Only SUMO native road testing, not the NOA baseline or published behavior.",,
topology_smoke,decel_mps2,4.5,m/s^2,This study topology test protocol,docs/phase01_implementation_plan.md,supplementary_topology_test_setting,"Only SUMO native road testing, not the NOA baseline or published behavior.",,
topology_smoke,emergency_decel_mps2,10,m/s^2,This study topology test protocol,docs/phase01_implementation_plan.md,supplementary_topology_test_setting,Never adopt source emergencyDecel=30 as a new physical capability.,,
topology_smoke,tau_s,1.2,s,This study topology test protocol,docs/phase01_implementation_plan.md,supplementary_topology_test_setting,Native IDM desired time headway; not a sensor latency or a validated NOA safety parameter.,,
topology_smoke,min_gap_m,2.5,m,This study topology test protocol,docs/phase01_implementation_plan.md,supplementary_topology_test_setting,"Only SUMO native road testing, not the NOA baseline or published behavior.",,
topology_smoke,idm_delta,4,1,D:/matlab_huipu_2000/New_Vehicle_frc.m,D:/matlab_huipu_2000/New_Vehicle_frc.m:10,source_explicit_modified,"IDM acceleration exponent, not steering angle.",10,e4329f4df810d7a697d7c8085d0b391aea7453537e1336a1184eb212fc6e1a4e
topology_smoke,idm_stepping_s,0.1,s,This study topology test protocol,docs/phase01_implementation_plan.md,supplementary_topology_test_setting,"Only SUMO native road testing, not the NOA baseline or published behavior.",,
topology_smoke,speed_factor,1,1,This study topology test protocol,docs/phase01_implementation_plan.md,supplementary_topology_test_setting,"Only SUMO native road testing, not the NOA baseline or published behavior.",,
topology_smoke,speed_deviation,0,1,This study topology test protocol,docs/phase01_implementation_plan.md,supplementary_topology_test_setting,"Only SUMO native road testing, not the NOA baseline or published behavior.",,
topology_smoke,lc_strategic,1,1,This study topology test protocol,docs/phase01_implementation_plan.md,supplementary_topology_test_setting,Allow native mandatory merging in road test.,,
topology_smoke,lc_cooperative,1,1,This study topology test protocol,docs/phase01_implementation_plan.md,supplementary_topology_test_setting,"Only SUMO native road testing, not the NOA baseline or published behavior.",,
topology_smoke,lc_speed_gain,0,1,This study topology test protocol,docs/phase01_implementation_plan.md,supplementary_topology_test_setting,"Only SUMO native road testing, not the NOA baseline or published behavior.",,
topology_smoke,lc_keep_right,0,1,This study topology test protocol,docs/phase01_implementation_plan.md,supplementary_topology_test_setting,"Only SUMO native road testing, not the NOA baseline or published behavior.",,
topology_smoke,probe_time_s,62,s,This study topology test protocol,docs/phase01_implementation_plan.md,supplementary_topology_test_setting,"Only SUMO native road testing, not the NOA baseline or published behavior.",,
topology_smoke,probe_position_m,850,m,This study topology test protocol,docs/phase01_implementation_plan.md,supplementary_topology_test_setting,Separate termination-lane topology probe; excluded from unified entrance demand counts.,,
topology_smoke,probe_speed_mps,15,m/s,This study topology test protocol,docs/phase01_implementation_plan.md,supplementary_topology_test_setting,Deliberate low-speed topology probe only; not 2022 paper desired speed migration.,,
topology_smoke,path_continuity_tolerance_m,1e-06,m,This study topology test protocol,docs/phase01_implementation_plan.md,supplementary_topology_test_setting,"Only SUMO native road testing, not the NOA baseline or published behavior.",,
topology_smoke,max_lateral_step_m,0.2,m,This study topology test protocol,docs/phase01_implementation_plan.md,supplementary_topology_test_setting,Smoke synchronization discontinuity detector at 0.1 s; not a physical steering test.,,
topology_smoke,max_depart_delay_s,-1,s,This study topology test protocol,docs/phase01_implementation_plan.md,supplementary_topology_test_setting,SUMO unlimited insertion wait; all pending and uncompleted vehicles remain accounted for.,,
topology_smoke,time_to_teleport_s,-1,s,This study topology test protocol,docs/phase01_implementation_plan.md,supplementary_topology_test_setting,Disable automatic jam teleport; report timeout/failure.,,
sensitivity,width_m,"[1.7, 1.8, 1.9]",m,This study sensitivity candidates,docs/phase2_entry.md,proposed_not_run,Not an authorized batch run; validate low-dimensional cases after foundation gates.,,
sensitivity,mass_kg,"[1200, 1500, 1800]",kg,This study sensitivity candidates,docs/phase2_entry.md,proposed_not_run,Not an authorized batch run; validate low-dimensional cases after foundation gates.,,
sensitivity,wheelbase_m,"[2.5, 2.7, 2.9]",m,This study sensitivity candidates,docs/phase2_entry.md,proposed_not_run,Keep total length 4 m; regenerate consistent CG/axle/overhang geometry.,,
sensitivity,axle_cornering_stiffness_N_per_rad,"[60000, 80000, 100000]",N/rad,This study sensitivity candidates,docs/phase2_entry.md,proposed_not_run,Not an authorized batch run; validate low-dimensional cases after foundation gates.,,
sensitivity,yaw_inertia_kgm2,"[2000, 2500, 3000]",kg*m^2,This study sensitivity candidates,docs/phase2_entry.md,proposed_not_run,Not an authorized batch run; validate low-dimensional cases after foundation gates.,,
sensitivity,road_friction_coefficient,"[0.6, 0.9]",1,This study sensitivity candidates,docs/phase2_entry.md,proposed_not_run,Not an authorized batch run; validate low-dimensional cases after foundation gates.,,
sensitivity,dynamics_dt_s,"[0.01, 0.005]",s,This study sensitivity candidates,docs/phase2_entry.md,proposed_not_run,Not an authorized batch run; validate low-dimensional cases after foundation gates.,,
sensitivity,control_sync_dt_s,"[0.1, 0.05]",s,This study sensitivity candidates,docs/phase2_entry.md,proposed_not_run,Not an authorized batch run; validate low-dimensional cases after foundation gates.,,
sensitivity,perception_range_scale,"[0.5, 1, 1.5]",1,This study sensitivity candidates,docs/phase2_entry.md,proposed_not_run,Not an authorized batch run; validate low-dimensional cases after foundation gates.,,
phase2,low_speed_relaxation_s,0.1,s,This study phase 2 implementation,docs/phase2_model.md,supplementary_phase2_development_setting,Relax lateral velocity and yaw rate to kinematic targets below the dynamic model blend speed.,,
phase2,actuator_jerk_limit_mps3,2,m/s^3,This study phase 2 implementation,docs/phase2_model.md,supplementary_phase2_development_setting,Development actuator jerk bound equal to the previously registered comfort value; no emergency policy implemented.,,
phase2,steering_lateral_envelope_mps2,2,m/s^2,This study phase 2 implementation,docs/phase2_model.md,supplementary_phase2_development_setting,Speed-dependent target steering envelope; tire force saturation independently enforces friction circle. Transient actual lateral acceleration is measured separately.,,
phase2,linear_tire_slip_limit_rad,0.1,rad,This study phase 2 implementation,docs/phase2_model.md,supplementary_phase2_development_setting,Operational small-slip validity warning threshold; not a tire calibration.,,
phase2,max_dynamics_dt_s,0.02,s,This study phase 2 implementation,docs/phase2_model.md,supplementary_phase2_development_setting,Reject excessively coarse RK4 calls; tested actual dt values are0.01/0.005.,,
phase2,tracking_kp_per_s2,0.6,1/s^2,This study phase 2 implementation,docs/phase2_model.md,supplementary_phase2_development_setting,Single-vehicle bench lateral tracking gain; not a NOA decision rule.,,
phase2,tracking_kd_per_s,1.5,1/s,This study phase 2 implementation,docs/phase2_model.md,supplementary_phase2_development_setting,Declared numerical/model validation setting; not an identified Cai publication or branded vehicle parameter.,,
phase2,speed_tracking_gain_per_s,0.8,1/s,This study phase 2 implementation,docs/phase2_model.md,supplementary_phase2_development_setting,Declared numerical/model validation setting; not an identified Cai publication or branded vehicle parameter.,,
phase2,maneuver_duration_s,5,s,This study phase 2 implementation,docs/phase2_model.md,supplementary_phase2_development_setting,Bench quintic reference duration only; may equal paper structure period numerically but does not redefine that period as an integration/control step.,,
phase2,max_lane_change_error_m,0.35,m,This study phase 2 implementation,docs/phase2_model.md,predeclared_acceptance_threshold,Declared numerical/model validation setting; not an identified Cai publication or branded vehicle parameter.,,
phase2,terminal_lane_error_m,0.1,m,This study phase 2 implementation,docs/phase2_model.md,predeclared_acceptance_threshold,Declared numerical/model validation setting; not an identified Cai publication or branded vehicle parameter.,,
phase2,integration_position_tolerance_m,0.02,m,This study phase 2 implementation,docs/phase2_model.md,predeclared_acceptance_threshold,Declared numerical/model validation setting; not an identified Cai publication or branded vehicle parameter.,,
phase2,integration_heading_tolerance_rad,0.002,rad,This study phase 2 implementation,docs/phase2_model.md,predeclared_acceptance_threshold,Declared numerical/model validation setting; not an identified Cai publication or branded vehicle parameter.,,
phase2,control_position_tolerance_m,0.15,m,This study phase 2 implementation,docs/phase2_model.md,predeclared_acceptance_threshold,Declared numerical/model validation setting; not an identified Cai publication or branded vehicle parameter.,,
phase2,control_heading_tolerance_rad,0.02,rad,This study phase 2 implementation,docs/phase2_model.md,predeclared_acceptance_threshold,Declared numerical/model validation setting; not an identified Cai publication or branded vehicle parameter.,,
phase2,sync_position_tolerance_m,1e-06,m,This study phase 2 implementation,docs/phase2_model.md,predeclared_acceptance_threshold,Declared numerical/model validation setting; not an identified Cai publication or branded vehicle parameter.,,
phase2,sync_speed_tolerance_mps,1e-06,m/s,This study phase 2 implementation,docs/phase2_model.md,predeclared_acceptance_threshold,Declared numerical/model validation setting; not an identified Cai publication or branded vehicle parameter.,,
phase2,sync_heading_tolerance_rad,1e-06,rad,This study phase 2 implementation,docs/phase2_model.md,predeclared_acceptance_threshold,Declared numerical/model validation setting; not an identified Cai publication or branded vehicle parameter.,,
phase2,replay_absolute_tolerance,1e-10,per-field SI,This study phase 2 implementation,docs/phase2_model.md,predeclared_acceptance_threshold,Declared numerical/model validation setting; not an identified Cai publication or branded vehicle parameter.,,
phase2,sweep_max_depth,12,integer,This study phase 2 implementation,docs/phase2_model.md,supplementary_phase2_development_setting,"Adaptive conservative swept-body check: unresolved leaf means potential collision/outside, never declared safe.",,
phase2,sumo_speed_mode,0,bitset,This study phase 2 implementation,docs/phase2_model.md,supplementary_phase2_development_setting,"External control bench; SUMO speed safety disabled, own continuous geometry audit remains required.",,
phase2,sumo_lane_change_mode,0,bitset,This study phase 2 implementation,docs/phase2_model.md,supplementary_phase2_development_setting,Disable native autonomous lane changes; all lateral movement is integrated.,,
phase2,sumo_move_keep_route,3,bitset,This study phase 2 implementation,docs/phase2_model.md,supplementary_phase2_development_setting,Keep original route and exact XY instead of lane-center snapping; off-road faults are checked independently.,,
phase2,analytic_position_tolerance_m,1e-07,m,This study phase 2 implementation,docs/phase2_model.md,predeclared_acceptance_threshold,"Extracted unchanged from the first phase2 bench/audit implementation; numerical or engineering verification tolerance, not a paper parameter.",,
phase2,analytic_speed_tolerance_mps,1e-09,m/s,This study phase 2 implementation,docs/phase2_model.md,predeclared_acceptance_threshold,"Extracted unchanged from the first phase2 bench/audit implementation; numerical or engineering verification tolerance, not a paper parameter.",,
phase2,straight_heading_tolerance_rad,1e-09,rad,This study phase 2 implementation,docs/phase2_model.md,predeclared_acceptance_threshold,"Extracted unchanged from the first phase2 bench/audit implementation; numerical or engineering verification tolerance, not a paper parameter.",,
phase2,straight_yaw_rate_tolerance_radps,1e-09,rad/s,This study phase 2 implementation,docs/phase2_model.md,predeclared_acceptance_threshold,"Extracted unchanged from the first phase2 bench/audit implementation; numerical or engineering verification tolerance, not a paper parameter.",,
phase2,steady_steering_tolerance_rad,1e-05,rad,This study phase 2 implementation,docs/phase2_model.md,predeclared_acceptance_threshold,"Extracted unchanged from the first phase2 bench/audit implementation; numerical or engineering verification tolerance, not a paper parameter.",,
phase2,steady_yaw_relative_tolerance,0.05,fraction,This study phase 2 implementation,docs/phase2_model.md,predeclared_acceptance_threshold,"Extracted unchanged from the first phase2 bench/audit implementation; numerical or engineering verification tolerance, not a paper parameter.",,
phase2,stopped_speed_tolerance_mps,1e-06,m/s,This study phase 2 implementation,docs/phase2_model.md,predeclared_acceptance_threshold,"Extracted unchanged from the first phase2 bench/audit implementation; numerical or engineering verification tolerance, not a paper parameter.",,
phase2,minimum_speed_gain_mps,1.0,m/s,This study phase 2 implementation,docs/phase2_model.md,predeclared_acceptance_threshold,"Extracted unchanged from the first phase2 bench/audit implementation; numerical or engineering verification tolerance, not a paper parameter.",,
phase2,minimum_restart_speed_mps,1.0,m/s,This study phase 2 implementation,docs/phase2_model.md,predeclared_acceptance_threshold,"Extracted unchanged from the first phase2 bench/audit implementation; numerical or engineering verification tolerance, not a paper parameter.",,
phase2,terminal_heading_tolerance_rad,0.02,rad,This study phase 2 implementation,docs/phase2_model.md,predeclared_acceptance_threshold,"Extracted unchanged from the first phase2 bench/audit implementation; numerical or engineering verification tolerance, not a paper parameter.",,
phase2,terminal_yaw_rate_tolerance_radps,0.02,rad/s,This study phase 2 implementation,docs/phase2_model.md,predeclared_acceptance_threshold,"Extracted unchanged from the first phase2 bench/audit implementation; numerical or engineering verification tolerance, not a paper parameter.",,
phase2,sync_time_tolerance_s,1e-09,s,This study phase 2 implementation,docs/phase2_model.md,predeclared_acceptance_threshold,"Extracted unchanged from the first phase2 bench/audit implementation; numerical or engineering verification tolerance, not a paper parameter.",,
phase2,sync_acceleration_tolerance_mps2,1e-06,m/s^2,This study phase 2 implementation,docs/phase2_model.md,predeclared_acceptance_threshold,"Extracted unchanged from the first phase2 bench/audit implementation; numerical or engineering verification tolerance, not a paper parameter.",,
phase2,force_comparison_tolerance_N,1e-07,N,This study phase 2 implementation,docs/phase2_model.md,predeclared_acceptance_threshold,"Extracted unchanged from the first phase2 bench/audit implementation; numerical or engineering verification tolerance, not a paper parameter.",,
phase2,rate_comparison_tolerance,1e-08,per-field SI,This study phase 2 implementation,docs/phase2_model.md,predeclared_acceptance_threshold,"Extracted unchanged from the first phase2 bench/audit implementation; numerical or engineering verification tolerance, not a paper parameter.",,
phase2,lateral_acceleration_comparison_tolerance_mps2,1e-06,m/s^2,This study phase 2 implementation,docs/phase2_model.md,predeclared_acceptance_threshold,"Extracted unchanged from the first phase2 bench/audit implementation; numerical or engineering verification tolerance, not a paper parameter.",,
phase3,sensor_roundoff_ulps,8,ULP,This study phase 3 implementation,docs/phase3_implementation_plan.md; docs/phase3_model.md,supplementary_development_setting,"Snap box comparisons within 8 ULP of the largest configured range (2.274e-13 m at 200 m); numerical inclusive-boundary policy only, not measurement noise or a physical range extension.",,
phase3,memory_horizon_s,1.0,s,This study phase 3 implementation,docs/phase3_implementation_plan.md; docs/phase3_model.md,supplementary_development_setting,Only prior measured observations in the last second; no refresh outside range; reentry gets a new local track.,,
phase3,probe_target_speed_mps,20.0,m/s,This study phase 3 implementation,docs/phase3_implementation_plan.md; docs/phase3_model.md,supplementary_development_setting,Explicit small-case information-isolation bench setting; not a calibrated NOA or paper parameter.,,
phase3,probe_speed_gain_per_s,0.4,1/s,This study phase 3 implementation,docs/phase3_implementation_plan.md; docs/phase3_model.md,supplementary_development_setting,Explicit small-case information-isolation bench setting; not a calibrated NOA or paper parameter.,,
phase3,probe_gap_gain_per_s2,0.2,1/s^2,This study phase 3 implementation,docs/phase3_implementation_plan.md; docs/phase3_model.md,supplementary_development_setting,Explicit small-case information-isolation bench setting; not a calibrated NOA or paper parameter.,,
phase3,probe_relative_speed_gain_per_s,0.6,1/s,This study phase 3 implementation,docs/phase3_implementation_plan.md; docs/phase3_model.md,supplementary_development_setting,Explicit small-case information-isolation bench setting; not a calibrated NOA or paper parameter.,,
phase3,probe_standstill_gap_m,2.0,m,This study phase 3 implementation,docs/phase3_implementation_plan.md; docs/phase3_model.md,supplementary_development_setting,Explicit small-case information-isolation bench setting; not a calibrated NOA or paper parameter.,,
phase3,probe_headway_s,1.0,s,This study phase 3 implementation,docs/phase3_implementation_plan.md; docs/phase3_model.md,supplementary_development_setting,Explicit small-case information-isolation bench setting; not a calibrated NOA or paper parameter.,,
phase3,phase3_seed,20260911,seed,This study phase 3 implementation,docs/phase3_implementation_plan.md; docs/phase3_model.md,supplementary_development_setting,Explicit small-case information-isolation bench setting; not a calibrated NOA or paper parameter.,,
phase3,phase3_duration_s,4.0,s,This study phase 3 implementation,docs/phase3_implementation_plan.md; docs/phase3_model.md,supplementary_development_setting,Explicit small-case information-isolation bench setting; not a calibrated NOA or paper parameter.,,
phase3,phase3_crossing_duration_s,6.0,s,This study phase 3 implementation,docs/phase3_implementation_plan.md; docs/phase3_model.md,supplementary_development_setting,Explicit small-case information-isolation bench setting; not a calibrated NOA or paper parameter.,,
phase3,phase3_drift_duration_s,2.0,s,This study phase 3 implementation,docs/phase3_implementation_plan.md; docs/phase3_model.md,supplementary_development_setting,Explicit small-case information-isolation bench setting; not a calibrated NOA or paper parameter.,,
kinematic,motion_model,"""kinematic_bicycle""",model,User instruction 2026-09-11,docs/kinematic_motion.md,user_authorized_simplification,"Use reasonable continuous geometric motion rather than a tire-force vehicle dynamics model; no mass, inertia or tire stiffness required.",,
kinematic,lane_change_reference,"""two_quadratic_bezier_segments_C1""",curve,User instruction 2026-09-11,docs/kinematic_motion.md,user_authorized_simplification,Two quadratic segments give parallel endpoint tangents and a continuous join tangent. Curvature is discontinuous at the join; actual steering is rate limited.,,
phase4,noa_target_speed_mps,20.0,m/s,This study stage 4 pure local NOA baseline,docs/phase4_controller_notes.md; docs/phase4_implementation_plan.md,supplementary_development_setting_unvalidated,Generic nominal cruise speed shared with the previous probe development baseline.,,
phase4,noa_speed_gain_per_s,0.6,1/s,This study stage 4 pure local NOA baseline,docs/phase4_controller_notes.md; docs/phase4_implementation_plan.md,supplementary_development_setting_unvalidated,"Explicit generic controller development value, not branded NOA or a calibrated paper parameter. Hard, comfort, jerk, vehicle and sensing limits remain inherited without override.",,
phase4,noa_response_time_s,0.3,s,This study stage 4 pure local NOA baseline,docs/phase4_controller_notes.md; docs/phase4_implementation_plan.md,supplementary_development_setting_unvalidated,Fixed conservative planning response budget inherited from nominal 0.1s control plus 0.2s actuator lag. Held fixed in sampling studies so changing sampler does not also retune the policy envelope.,,
phase4,noa_gap_gain_per_s2,0.15,1/s^2,This study stage 4 pure local NOA baseline,docs/phase4_controller_notes.md; docs/phase4_implementation_plan.md,supplementary_development_setting_unvalidated,"Explicit generic controller development value, not branded NOA or a calibrated paper parameter. Hard, comfort, jerk, vehicle and sensing limits remain inherited without override.",,
phase4,noa_relative_speed_gain_per_s,0.8,1/s,This study stage 4 pure local NOA baseline,docs/phase4_controller_notes.md; docs/phase4_implementation_plan.md,supplementary_development_setting_unvalidated,"Explicit generic controller development value, not branded NOA or a calibrated paper parameter. Hard, comfort, jerk, vehicle and sensing limits remain inherited without override.",,
phase4,noa_standstill_gap_m,3.0,m,This study stage 4 pure local NOA baseline,docs/phase4_controller_notes.md; docs/phase4_implementation_plan.md,supplementary_development_setting_unvalidated,"Explicit generic controller development value, not branded NOA or a calibrated paper parameter. Hard, comfort, jerk, vehicle and sensing limits remain inherited without override.",,
phase4,noa_headway_s,1.8,s,This study stage 4 pure local NOA baseline,docs/phase4_controller_notes.md; docs/phase4_implementation_plan.md,supplementary_development_setting_unvalidated,"Explicit generic controller development value, not branded NOA or a calibrated paper parameter. Hard, comfort, jerk, vehicle and sensing limits remain inherited without override.",,
phase4,noa_lateral_kp_per_s2,0.6,1/s^2,This study stage 4 pure local NOA baseline,docs/phase4_controller_notes.md; docs/phase4_implementation_plan.md,supplementary_development_setting_unvalidated,"Explicit generic controller development value, not branded NOA or a calibrated paper parameter. Hard, comfort, jerk, vehicle and sensing limits remain inherited without override.",,
phase4,noa_lateral_kd_per_s,1.5,1/s,This study stage 4 pure local NOA baseline,docs/phase4_controller_notes.md; docs/phase4_implementation_plan.md,supplementary_development_setting_unvalidated,"Explicit generic controller development value, not branded NOA or a calibrated paper parameter. Hard, comfort, jerk, vehicle and sensing limits remain inherited without override.",,
phase4,noa_lane_change_duration_s,5.0,s,This study stage 4 pure local NOA baseline,docs/phase4_controller_notes.md; docs/phase4_implementation_plan.md,supplementary_development_setting_unvalidated,Nominal finite duration for two quadratic Bezier segments; never a periodic lane-change trigger.,,
phase4,noa_prepare_duration_s,0.5,s,This study stage 4 pure local NOA baseline,docs/phase4_controller_notes.md; docs/phase4_implementation_plan.md,supplementary_development_setting_unvalidated,Require persistent observed motivation and a rechecked candidate before start.,,
phase4,noa_lane_change_cooldown_s,1.0,s,This study stage 4 pure local NOA baseline,docs/phase4_controller_notes.md; docs/phase4_implementation_plan.md,supplementary_development_setting_unvalidated,"Explicit generic controller development value, not branded NOA or a calibrated paper parameter. Hard, comfort, jerk, vehicle and sensing limits remain inherited without override.",,
phase4,noa_min_lane_change_speed_mps,5.0,m/s,This study stage 4 pure local NOA baseline,docs/phase4_controller_notes.md; docs/phase4_implementation_plan.md,supplementary_development_setting_unvalidated,Avoid initiating lateral maneuvers at near-zero kinematic speed.,,
phase4,noa_overtake_speed_deficit_mps,2.0,m/s,This study stage 4 pure local NOA baseline,docs/phase4_controller_notes.md; docs/phase4_implementation_plan.md,supplementary_development_setting_unvalidated,"Explicit generic controller development value, not branded NOA or a calibrated paper parameter. Hard, comfort, jerk, vehicle and sensing limits remain inherited without override.",,
phase4,noa_overtake_horizon_s,10.0,s,This study stage 4 pure local NOA baseline,docs/phase4_controller_notes.md; docs/phase4_implementation_plan.md,supplementary_development_setting_unvalidated,Only consider a slower lead within this nominal closing horizon plus following gap.,,
phase4,noa_merge_lookahead_s,8.0,s,This study stage 4 pure local NOA baseline,docs/phase4_controller_notes.md; docs/phase4_implementation_plan.md,supplementary_development_setting_unvalidated,"Time-scaled local physical lane-end trigger, no global coordinate threshold.",,
phase4,noa_prediction_dt_s,0.1,s,This study stage 4 pure local NOA baseline,docs/phase4_controller_notes.md; docs/phase4_implementation_plan.md,supplementary_development_setting_unvalidated,Maximum candidate command/prediction slice; each slice integrates the unchanged kinematic model at <= its existing max dynamics dt and uses conservative swept geometry.,,
phase4,noa_prediction_settle_s,0.5,s,This study stage 4 pure local NOA baseline,docs/phase4_controller_notes.md; docs/phase4_implementation_plan.md,supplementary_development_setting_unvalidated,Include tracking settling after nominal reference end.,,
phase4,noa_body_margin_m,0.15,m,This study stage 4 pure local NOA baseline,docs/phase4_controller_notes.md; docs/phase4_implementation_plan.md,supplementary_development_setting_unvalidated,"Geometric margin, not measurement noise; applied to both ego and predicted neighbor occupancy.",,
phase4,noa_prediction_lateral_accel_bound_mps2,0.0,m/s^2,This study stage 4 pure local NOA baseline,docs/phase4_controller_notes.md; docs/phase4_implementation_plan.md,supplementary_development_setting_unvalidated,Explicit limited prediction assumption: observed inertial lateral velocity remains constant. Longitudinal reachable range uses full inherited hard acceleration bounds and speed clipping. New unseen future lateral intent is not guaranteed safe.,,
phase4,noa_completion_lateral_error_m,0.15,m,This study stage 4 pure local NOA baseline,docs/phase4_controller_notes.md; docs/phase4_implementation_plan.md,supplementary_development_setting_unvalidated,"Explicit generic controller development value, not branded NOA or a calibrated paper parameter. Hard, comfort, jerk, vehicle and sensing limits remain inherited without override.",,
phase4,noa_completion_heading_rad,0.03,rad,This study stage 4 pure local NOA baseline,docs/phase4_controller_notes.md; docs/phase4_implementation_plan.md,supplementary_development_setting_unvalidated,"Explicit generic controller development value, not branded NOA or a calibrated paper parameter. Hard, comfort, jerk, vehicle and sensing limits remain inherited without override.",,
phase4,noa_geometry_tolerance_m,1e-07,m,This study stage 4 pure local NOA baseline,docs/phase4_controller_notes.md; docs/phase4_implementation_plan.md,supplementary_development_setting_unvalidated,Numerical geometry tolerance only.,,
phase4,noa_emergency_ttc_s,2.0,s,This study stage 4 pure local NOA baseline,docs/phase4_controller_notes.md; docs/phase4_implementation_plan.md,supplementary_development_setting_unvalidated,Closing-time emergency trigger used together with jerk-aware braking-gap feasibility.,,
phase4,noa_stop_release_speed_mps,0.1,m/s,This study stage 4 pure local NOA baseline,docs/phase4_controller_notes.md; docs/phase4_implementation_plan.md,supplementary_development_setting_unvalidated,"Small positive deadband for stopped-lead holding, not a forced velocity snap.",,
phase4,noa_stop_capture_speed_mps,3.0,m/s,This study stage 4 pure local NOA baseline,docs/phase4_controller_notes.md; docs/phase4_implementation_plan.md,supplementary_development_setting_unvalidated,"Begin terminal stopping early enough to taper actual acceleration before reaching zero speed; local stationary lead/end only, no global time trigger.",,
phase4,noa_stop_speed_gain_per_s,1.0,1/s,This study stage 4 pure local NOA baseline,docs/phase4_controller_notes.md; docs/phase4_implementation_plan.md,supplementary_development_setting_unvalidated,Terminal speed feedback. Together with the inherited 0.2s actuator lag this yields overdamped low-speed decay; verified in original fixed-duration cases.,,
phase4,noa_stop_terminal_braking_mps2,0.005,m/s^2,This study stage 4 pure local NOA baseline,docs/phase4_controller_notes.md; docs/phase4_implementation_plan.md,supplementary_development_setting_unvalidated,Finite weak terminal tail for actual integrated stop/hold. Actual jerk still audited at 0.01s and refined 0.005s; no state reset or replacement of actual jerk.,,
phase4,noa_stop_position_reserve_m,3.0,m,This study stage 4 pure local NOA baseline,docs/phase4_controller_notes.md; docs/phase4_implementation_plan.md,supplementary_development_setting_unvalidated,"Place comfortable stopping target 3m upstream of the hard lane-end stopping screen, leaving terminal tracking error room. Development reserve equal to nominal standstill gap, not a global coordinate trigger or a relaxed hard boundary.",,
phase4,noa_stop_capture_gap_m,12.0,m,This study stage 4 pure local NOA baseline,docs/phase4_controller_notes.md; docs/phase4_implementation_plan.md,supplementary_development_setting_unvalidated,"Base terminal stopping region, enlarged by headway times capture speed (total 17.4m). Fixed spatial region avoids releasing as speed falls; release remains based on current visible lead motion or geometry.",,
phase4_experiments,sumo_external_min_gap_m,0.0,m,SUMO native external-carrier platform setting; this study initialization probe,https://sumo.dlr.de/docs/Simulation/Safety.html; results/phase4/continuation/bootstrap/direct_place_results.json,declared_development_protocol,"The prescribed dense queue has positive 2m body gaps. Native minGap=2.5 blocks insertion or reports a car-following gap violation despite no body overlap. Explicit zero applies only to the SUMO carrier; physical collisions remain enabled and tested. NOA margins, following gaps and independent geometry thresholds are unchanged.",,
phase4_experiments,phase4_seed,20260911,seed,This study phase4 development protocol,docs/phase4_implementation_plan.md,declared_development_protocol,Predeclared small cases and audit settings; no traffic benefit claim or parameter fit.,,
phase4_experiments,phase4_isolation_stride,10,control intervals,This study phase4 development protocol,docs/phase4_implementation_plan.md,declared_development_protocol,Sample counterfactual decisions every ten control intervals and at final interval; sensor histories rebuilt at every interval.,,
phase4_experiments,phase4_tracking_max_m,0.5,m,This study phase4 development protocol,docs/phase4_implementation_plan.md,declared_development_protocol,Research spec section8 initial engineering maximum; also report stricter phase3 0.35m benchmark separately.,,
phase4_experiments,phase4_tracking_p95_m,0.3,m,This study phase4 development protocol,docs/phase4_implementation_plan.md,declared_development_protocol,Research spec section8 initial engineering P95 threshold.,,
phase4_experiments,phase4_numeric_slack,1e-06,numerical tolerance,This study phase4 development protocol,docs/phase4_implementation_plan.md,declared_development_protocol,Small float allowance for physical bounds and comfort comparisons; not a measurement uncertainty.,,
phase5,formation_d_ref_m,15.0,m,This study stage 5 local longitudinal R1-R5 increment,docs/phase5_implementation_plan.md; docs/phase5_controller_unit.md,supplementary_development_setting_unvalidated,"Adjacent-lane phase offset; same-lane target reference spacing is exactly twice this value, 30m.",,
phase5,formation_kp_per_s2,0.08,1/s^2,This study stage 5 local longitudinal R1-R5 increment,docs/phase5_implementation_plan.md; docs/phase5_controller_unit.md,supplementary_development_setting_unvalidated,"Declared development hypothesis. Inherit all phase4 hard, comfort, prediction, sensing and actuator bounds unchanged; no hidden types, shared schedule or global slots.",,
phase5,formation_kv_per_s,0.4,1/s,This study stage 5 local longitudinal R1-R5 increment,docs/phase5_implementation_plan.md; docs/phase5_controller_unit.md,supplementary_development_setting_unvalidated,"Declared development hypothesis. Inherit all phase4 hard, comfort, prediction, sensing and actuator bounds unchanged; no hidden types, shared schedule or global slots.",,
phase5,formation_accel_limit_mps2,0.5,m/s^2,This study stage 5 local longitudinal R1-R5 increment,docs/phase5_implementation_plan.md; docs/phase5_controller_unit.md,supplementary_development_setting_unvalidated,"Declared development hypothesis. Inherit all phase4 hard, comfort, prediction, sensing and actuator bounds unchanged; no hidden types, shared schedule or global slots.",,
phase5,formation_fade_s,1.0,s,This study stage 5 local longitudinal R1-R5 increment,docs/phase5_implementation_plan.md; docs/phase5_controller_unit.md,supplementary_development_setting_unvalidated,"Declared development hypothesis. Inherit all phase4 hard, comfort, prediction, sensing and actuator bounds unchanged; no hidden types, shared schedule or global slots.",,
phase5,formation_reference_stable_s,1.0,s,This study stage 5 local longitudinal R1-R5 increment,docs/phase5_implementation_plan.md; docs/phase5_controller_unit.md,supplementary_development_setting_unvalidated,"Declared development hypothesis. Inherit all phase4 hard, comfort, prediction, sensing and actuator bounds unchanged; no hidden types, shared schedule or global slots.",,
phase5,formation_max_relative_speed_mps,3.0,m/s,This study stage 5 local longitudinal R1-R5 increment,docs/phase5_implementation_plan.md; docs/phase5_controller_unit.md,supplementary_development_setting_unvalidated,"Declared development hypothesis. Inherit all phase4 hard, comfort, prediction, sensing and actuator bounds unchanged; no hidden types, shared schedule or global slots.",,
phase5,formation_max_lateral_speed_mps,0.2,m/s,This study stage 5 local longitudinal R1-R5 increment,docs/phase5_implementation_plan.md; docs/phase5_controller_unit.md,supplementary_development_setting_unvalidated,"Declared development hypothesis. Inherit all phase4 hard, comfort, prediction, sensing and actuator bounds unchanged; no hidden types, shared schedule or global slots.",,
phase5,formation_lane_change_cooldown_s,5.0,s,This study stage 5 local longitudinal R1-R5 increment,docs/phase5_implementation_plan.md; docs/phase5_controller_unit.md,supplementary_development_setting_unvalidated,Formation activation cooldown after own NOA lane change; phase4 maneuver policy stays unchanged.,,
phase5,formation_position_tolerance_m,2.0,m,This study stage 5 local longitudinal R1-R5 increment,docs/phase5_implementation_plan.md; docs/phase5_controller_unit.md,supplementary_development_setting_unvalidated,"Local-state label and conflict normalization, not independent group detection.",,
phase5,formation_maintaining_speed_tolerance_mps,1.0,m/s,This study stage 5 local longitudinal R1-R5 increment,docs/phase5_implementation_plan.md; docs/phase5_controller_unit.md,supplementary_development_setting_unvalidated,Own state label only; never substitutes for offline formation detection.,,
phase5,formation_switch_cost,1.0,1,This study stage 5 local longitudinal R1-R5 increment,docs/phase5_implementation_plan.md; docs/phase5_controller_unit.md,supplementary_development_setting_unvalidated,Dimensionless holding preference in geometric/relative-speed/residual score; no label rank.,,
phase5_experiments,phase5_target_speed_mps,5.0,m/s,This study stage5 predeclared cases,docs/phase5_implementation_plan.md; experiments/phase5_cases.py,frozen_development_setting_unvalidated,Both switches use the same target; phase4 default remains20. CTH at20 incompatible with30m center spacing.,,
phase5_experiments,phase5_isolation_stride,10,control intervals,This study stage5 predeclared cases,docs/phase5_implementation_plan.md; experiments/phase5_cases.py,frozen_development_setting_unvalidated,"Reconstruct sensor histories every frame, sample same-own-memory counterfactual decisions every10 and final frame.",,
phase5_experiments,phase5_random_seeds,"[5101, 5102, 5201, 5202, 5301, 5302]",seed,This study stage5 predeclared cases,docs/phase5_implementation_plan.md; experiments/phase5_cases.py,frozen_development_setting_unvalidated,"Two fixed seeds per3/6/12 vehicles, all retained.",,
phase5_experiments,phase5_random_duration_s,45.0,s,This study stage5 predeclared cases,docs/phase5_implementation_plan.md; experiments/phase5_cases.py,frozen_development_setting_unvalidated,Paired on/off low-speed development only; no safety limit changes or successful-seed selection.,,
phase5_experiments,phase5_min_initial_same_lane_center_gap_m,30.0,m,This study stage5 predeclared cases,docs/phase5_implementation_plan.md; experiments/phase5_cases.py,frozen_development_setting_unvalidated,Continuous rejection sampling initial spacing only; no global lattice.,,
source_snapshot,CAV_ICV.length,4.0,m,D:/matlab_huipu_2000/New_Vehicle_frc.m,10,source_explicit_modified,Explicit vType attribute; runtime commands may alter effective behavior.,10,e4329f4df810d7a697d7c8085d0b391aea7453537e1336a1184eb212fc6e1a4e
source_snapshot,CAV_ICV.accel,5.0,m/s^2,D:/matlab_huipu_2000/New_Vehicle_frc.m,10,source_explicit_modified,Explicit vType attribute; runtime commands may alter effective behavior.,10,e4329f4df810d7a697d7c8085d0b391aea7453537e1336a1184eb212fc6e1a4e
source_snapshot,CAV_ICV.decel,10.0,m/s^2,D:/matlab_huipu_2000/New_Vehicle_frc.m,10,source_explicit_modified,Explicit vType attribute; runtime commands may alter effective behavior.,10,e4329f4df810d7a697d7c8085d0b391aea7453537e1336a1184eb212fc6e1a4e
source_snapshot,CAV_ICV.emergencyDecel,30.0,m/s^2,D:/matlab_huipu_2000/New_Vehicle_frc.m,10,source_explicit_modified,Source value only; do not adopt 30 m/s^2 as validated physical braking.,10,e4329f4df810d7a697d7c8085d0b391aea7453537e1336a1184eb212fc6e1a4e
source_snapshot,CAV_ICV.tau,0.2,s,D:/matlab_huipu_2000/New_Vehicle_frc.m,10,source_explicit_modified,SUMO desired following headway; not sensor latency or human reaction time.,10,e4329f4df810d7a697d7c8085d0b391aea7453537e1336a1184eb212fc6e1a4e
source_snapshot,CAV_ICV.minGap,1.5,m,D:/matlab_huipu_2000/New_Vehicle_frc.m,10,source_explicit_modified,Explicit vType attribute; runtime commands may alter effective behavior.,10,e4329f4df810d7a697d7c8085d0b391aea7453537e1336a1184eb212fc6e1a4e
source_snapshot,CAV_ICV.delta,4.0,dimensionless,D:/matlab_huipu_2000/New_Vehicle_frc.m,10,source_explicit_modified,IDM acceleration exponent; not steering angle.,10,e4329f4df810d7a697d7c8085d0b391aea7453537e1336a1184eb212fc6e1a4e
source_snapshot,CAV_ICV.stepping,0.1,s,D:/matlab_huipu_2000/New_Vehicle_frc.m,10,source_explicit_modified,Explicit vType attribute; runtime commands may alter effective behavior.,10,e4329f4df810d7a697d7c8085d0b391aea7453537e1336a1184eb212fc6e1a4e
source_snapshot,CAV_ICV.carFollowModel,"""IDM""",category,D:/matlab_huipu_2000/New_Vehicle_frc.m,10,source_explicit_modified,Explicit vType attribute; runtime commands may alter effective behavior.,10,e4329f4df810d7a697d7c8085d0b391aea7453537e1336a1184eb212fc6e1a4e
source_snapshot,CAV_ICV.guiShape,"""passenger""",category,D:/matlab_huipu_2000/New_Vehicle_frc.m,10,source_explicit_modified,"Visual class, not vehicle brand or dimensions.",10,e4329f4df810d7a697d7c8085d0b391aea7453537e1336a1184eb212fc6e1a4e
source_snapshot,CAV_HDV.length,4.0,m,D:/matlab_huipu_2000/New_Vehicle_frc.m,12,source_explicit_modified,Explicit vType attribute; runtime commands may alter effective behavior.,12,e4329f4df810d7a697d7c8085d0b391aea7453537e1336a1184eb212fc6e1a4e
source_snapshot,CAV_HDV.accel,3.0,m/s^2,D:/matlab_huipu_2000/New_Vehicle_frc.m,12,source_explicit_modified,Explicit vType attribute; runtime commands may alter effective behavior.,12,e4329f4df810d7a697d7c8085d0b391aea7453537e1336a1184eb212fc6e1a4e
source_snapshot,CAV_HDV.decel,10.0,m/s^2,D:/matlab_huipu_2000/New_Vehicle_frc.m,12,source_explicit_modified,Explicit vType attribute; runtime commands may alter effective behavior.,12,e4329f4df810d7a697d7c8085d0b391aea7453537e1336a1184eb212fc6e1a4e
source_snapshot,CAV_HDV.emergencyDecel,30.0,m/s^2,D:/matlab_huipu_2000/New_Vehicle_frc.m,12,source_explicit_modified,Source value only; do not adopt 30 m/s^2 as validated physical braking.,12,e4329f4df810d7a697d7c8085d0b391aea7453537e1336a1184eb212fc6e1a4e
source_snapshot,CAV_HDV.tau,0.65,s,D:/matlab_huipu_2000/New_Vehicle_frc.m,12,source_explicit_modified,SUMO desired following headway; not sensor latency or human reaction time.,12,e4329f4df810d7a697d7c8085d0b391aea7453537e1336a1184eb212fc6e1a4e
source_snapshot,CAV_HDV.minGap,2.0,m,D:/matlab_huipu_2000/New_Vehicle_frc.m,12,source_explicit_modified,Explicit vType attribute; runtime commands may alter effective behavior.,12,e4329f4df810d7a697d7c8085d0b391aea7453537e1336a1184eb212fc6e1a4e
source_snapshot,CAV_HDV.delta,4.0,dimensionless,D:/matlab_huipu_2000/New_Vehicle_frc.m,12,source_explicit_modified,IDM acceleration exponent; not steering angle.,12,e4329f4df810d7a697d7c8085d0b391aea7453537e1336a1184eb212fc6e1a4e
source_snapshot,CAV_HDV.stepping,0.1,s,D:/matlab_huipu_2000/New_Vehicle_frc.m,12,source_explicit_modified,Explicit vType attribute; runtime commands may alter effective behavior.,12,e4329f4df810d7a697d7c8085d0b391aea7453537e1336a1184eb212fc6e1a4e
source_snapshot,CAV_HDV.carFollowModel,"""IDM""",category,D:/matlab_huipu_2000/New_Vehicle_frc.m,12,source_explicit_modified,Explicit vType attribute; runtime commands may alter effective behavior.,12,e4329f4df810d7a697d7c8085d0b391aea7453537e1336a1184eb212fc6e1a4e
source_snapshot,CAV_HDV.guiShape,"""passenger""",category,D:/matlab_huipu_2000/New_Vehicle_frc.m,12,source_explicit_modified,"Visual class, not vehicle brand or dimensions.",12,e4329f4df810d7a697d7c8085d0b391aea7453537e1336a1184eb212fc6e1a4e
source_snapshot,simulation_step,0.1,s,D:/matlab_huipu_2000/mainmain.m,71,source_explicit_modified,Source simulation and planning-output sample interval.,71,9cea997d1df84aa6ad3d6b971b8232296f7043fd3e6d93460547909877857ef0
source_snapshot,source_horizon,600,s,D:/matlab_huipu_2000/mainmain.m,152,source_explicit_modified,"Fixed cutoff, not a demonstrated warmup or drain protocol.",152,9cea997d1df84aa6ad3d6b971b8232296f7043fd3e6d93460547909877857ef0
source_snapshot,X1,0,m,D:/matlab_huipu_2000/mainmain.m,95,source_explicit_modified,Entrance coordinate.,95,9cea997d1df84aa6ad3d6b971b8232296f7043fd3e6d93460547909877857ef0
source_snapshot,X2,1000,m,D:/matlab_huipu_2000/mainmain.m,96,source_explicit_modified,Bottleneck reference coordinate.,96,9cea997d1df84aa6ad3d6b971b8232296f7043fd3e6d93460547909877857ef0
source_snapshot,X3,1200,m,D:/matlab_huipu_2000/mainmain.m,97,source_explicit_modified,Exit reference coordinate.,97,9cea997d1df84aa6ad3d6b971b8232296f7043fd3e6d93460547909877857ef0
source_snapshot,vF,28.8,m/s,D:/matlab_huipu_2000/mainmain.m,98,source_explicit_modified,Agrees with Cai 2024 Table I.,98,9cea997d1df84aa6ad3d6b971b8232296f7043fd3e6d93460547909877857ef0
source_snapshot,T,5,s,D:/matlab_huipu_2000/mainmain.m,99,source_explicit_modified,"Formation switching cycle, not numerical integration step.",99,9cea997d1df84aa6ad3d6b971b8232296f7043fd3e6d93460547909877857ef0
source_snapshot,planning_lane_width,3.3,m,D:/matlab_huipu_2000/mainmain.m,100,source_explicit_modified,Also agrees with adjacent lane center spacing of stored net. Write explicit width in new net.,100,9cea997d1df84aa6ad3d6b971b8232296f7043fd3e6d93460547909877857ef0
source_snapshot,formation_gap_reference,15,m,D:/matlab_huipu_2000/formationControl.m,7,source_explicit_modified,"Reference-point grid spacing, not bumper clearance.",7,deb43b436f5b48747c50370491cecfeac6cd9a82f88cf87a60f693cb4e8069e8
source_snapshot,optimizer_a_min,-10,m/s^2,D:/matlab_huipu_2000/singleVehicleCalculate.m,63,source_explicit_modified,Longitudinal optimizer lower bound.,63,bca76f19b7e8b484bac46e3edfe72258a1d81efa1a2ade08e20799c5e9c6ef50
source_snapshot,optimizer_a_max,5,m/s^2,D:/matlab_huipu_2000/singleVehicleCalculate.m,64,source_explicit_modified,Longitudinal optimizer upper bound.,64,bca76f19b7e8b484bac46e3edfe72258a1d81efa1a2ade08e20799c5e9c6ef50
source_snapshot,optimizer_v_min,0,m/s,D:/matlab_huipu_2000/singleVehicleCalculate.m,65,source_explicit_modified,Optimizer bound.,65,bca76f19b7e8b484bac46e3edfe72258a1d81efa1a2ade08e20799c5e9c6ef50
source_snapshot,optimizer_v_max,33.33,m/s,D:/matlab_huipu_2000/singleVehicleCalculate.m,66,source_explicit_modified,Paper says 33.3. Keep both source and paper values distinct.,66,bca76f19b7e8b484bac46e3edfe72258a1d81efa1a2ade08e20799c5e9c6ef50
source_snapshot,group_head_distance_threshold,50,m,D:/matlab_huipu_2000/mainmain.m,539,source_explicit_modified,OR with preceding-vehicle threshold; grouping uses global positions and hidden types.,539,9cea997d1df84aa6ad3d6b971b8232296f7043fd3e6d93460547909877857ef0
source_snapshot,group_preceding_distance_threshold,25,m,D:/matlab_huipu_2000/mainmain.m,539,source_explicit_modified,OR with group-head threshold; not a sensor range.,539,9cea997d1df84aa6ad3d6b971b8232296f7043fd3e6d93460547909877857ef0
source_snapshot,group_gap_factor,1.3,dimensionless,D:/matlab_huipu_2000/mainmain.m,637,source_explicit_modified,Group spacing threshold factor times gap.,637,9cea997d1df84aa6ad3d6b971b8232296f7043fd3e6d93460547909877857ef0
source_snapshot,reconfiguration_lead_factor,2.5,dimensionless,D:/matlab_huipu_2000/formationControl.m,50,source_explicit_modified,Source trigger is X2-vF*T*2.5. Do not attribute fixed S1/S2 boundary to the paper.,50,deb43b436f5b48747c50370491cecfeac6cd9a82f88cf87a60f693cb4e8069e8
source_snapshot,formation_min_speed_gate,15,m/s,D:/matlab_huipu_2000/formationControl.m,57,source_explicit_modified,Normal optimization only if minimum group speed >15; otherwise zero plan entries handled specially.,57,deb43b436f5b48747c50370491cecfeac6cd9a82f88cf87a60f693cb4e8069e8
source_snapshot,Tflow_effective,0.042,probability_per_lane_per_step,D:/matlab_huipu_2000/mainmain.m,37,source_explicit_modified,Last active assignment overrides earlier lists.,37,9cea997d1df84aa6ad3d6b971b8232296f7043fd3e6d93460547909877857ef0
source_snapshot,replan_every_steps,50,steps,D:/matlab_huipu_2000/mainmain.m,599,source_explicit_modified,Global planning schedule in source.,599,9cea997d1df84aa6ad3d6b971b8232296f7043fd3e6d93460547909877857ef0
source_snapshot,bezier_scale,3.5,dimensionless,D:/matlab_huipu_2000/trajectory_planning.m,3,source_explicit_modified,Endpoint control-point distance scaling.,3,9129237a1d7f0710e6e3924bfbeeba2abbda114c28a36d61fa2f440375181659
source_snapshot,optimizer_mesh_tolerance,0.1,solver_setting,D:/matlab_huipu_2000/singleVehicleCalculate.m,81,source_explicit_modified,Not a position-tracking error bound in metres.,81,bca76f19b7e8b484bac46e3edfe72258a1d81efa1a2ade08e20799c5e9c6ef50
source_snapshot,source_road_speed,41.66,m/s,D:/matlab_huipu_2000/New_Edge.m,10,source_explicit_modified,Road limit differs from optimizer max speed and paper vehicle maximum.,10,f93fd85c741e463b18514bf22b8133054b8f379e4ba49eac52e596d292699d3e
source_snapshot,source_downstream_lanes,3,lanes,D:/matlab_huipu_2000/New_Edge.m,11,source_explicit_modified,Conflicts with paper 3-to-2 physical topology; must rebuild downstream as 2.,11,f93fd85c741e463b18514bf22b8133054b8f379e4ba49eac52e596d292699d3e
source_snapshot,source_gui_lanechange_duration,1,s,D:/matlab_huipu_2000/mainmain.m,128,source_explicit_modified,GUI launch option; non-GUI branch does not carry same option.,128,9cea997d1df84aa6ad3d6b971b8232296f7043fd3e6d93460547909877857ef0
source_snapshot,source_lane_command_duration,2,s,D:/matlab_huipu_2000/mainmain.m,940,source_explicit_modified,"Lane-choice command duration, not guaranteed physical maneuver duration.",940,9cea997d1df84aa6ad3d6b971b8232296f7043fd3e6d93460547909877857ef0
source_snapshot,source_completion_x,1190,m,D:/matlab_huipu_2000/mainmain.m,980,source_explicit_modified,Legacy completion flag; new metrics must use actual 1200 m exit event.,980,9cea997d1df84aa6ad3d6b971b8232296f7043fd3e6d93460547909877857ef0
source_snapshot,same_lane_reference_spacing,30,m,D:/matlab_huipu_2000/formationControlNormal.m,26,derived_from_source,2*gap.,26,df8fef8dfcd7571660a43d903c1dfe079ed276f3e5adc3c1e683069a21c33afd
source_snapshot,adjacent_lane_offset,15,m,D:/matlab_huipu_2000/formationControlNormal.m,26,derived_from_source,gap.,26,df8fef8dfcd7571660a43d903c1dfe079ed276f3e5adc3c1e683069a21c33afd
source_snapshot,same_lane_nominal_net_gap_equal_4m_cars,26,m,D:/matlab_huipu_2000/formationControlNormal.m,26,derived_from_source,30-4 for aligned same-length vehicles; not a safety proof.,26,df8fef8dfcd7571660a43d903c1dfe079ed276f3e5adc3c1e683069a21c33afd
source_snapshot,insertion_nominal_front_or_rear_net_gap_equal_4m_cars,11,m,D:/matlab_huipu_2000/formationControlNormal.m,26,derived_from_source,15-4 after occupying intermediate slot; requires dynamic checks.,26,df8fef8dfcd7571660a43d903c1dfe079ed276f3e5adc3c1e683069a21c33afd
source_snapshot,source_reconfiguration_x,640,m,D:/matlab_huipu_2000/formationControl.m,50,derived_from_source,1000-28.8*5*2.5; source only.,50,deb43b436f5b48747c50370491cecfeac6cd9a82f88cf87a60f693cb4e8069e8
source_snapshot,source_group_gap_threshold,19.5,m,D:/matlab_huipu_2000/mainmain.m,637,derived_from_source,1.3*15; source only.,637,9cea997d1df84aa6ad3d6b971b8232296f7043fd3e6d93460547909877857ef0
source_snapshot,source_expected_flow_per_lane,1512,veh/(lane*h),D:/matlab_huipu_2000/mainmain.m,291,derived_from_source,3600*0.042/0.1; actual insertion can be lower.,291,9cea997d1df84aa6ad3d6b971b8232296f7043fd3e6d93460547909877857ef0
source_snapshot,source_expected_total_flow,4536,veh/h,D:/matlab_huipu_2000/mainmain.m,291,derived_from_source,Three independent lane trials per step.,291,9cea997d1df84aa6ad3d6b971b8232296f7043fd3e6d93460547909877857ef0
source_snapshot,paper_flow_bernoulli_probabilities,"[0.034722222222222224, 0.041666666666666664, 0.04861111111111111, 0.05555555555555555]",probability_per_lane_per_step,D:/matlab_huipu_2000/mainmain.m,291,derived_from_source,"Derived for exact paper demand levels at 0.1 s, not source stored values.",291,9cea997d1df84aa6ad3d6b971b8232296f7043fd3e6d93460547909877857ef0
source_snapshot,vehicle_brand,null,unresolved,Inspected source: unresolved,,unresolved,"Not established by inspected main chain, vehicle files and MAT snapshots. Do not infer from figure line width, the probability variable m, or fuel multiplier 1.2.",,
source_snapshot,vehicle_width,null,unresolved,Inspected source: unresolved,,unresolved,"Not established by inspected main chain, vehicle files and MAT snapshots. Do not infer from figure line width, the probability variable m, or fuel multiplier 1.2.",,
source_snapshot,wheelbase,null,unresolved,Inspected source: unresolved,,unresolved,"Not established by inspected main chain, vehicle files and MAT snapshots. Do not infer from figure line width, the probability variable m, or fuel multiplier 1.2.",,
source_snapshot,front_rear_overhangs,null,unresolved,Inspected source: unresolved,,unresolved,"Not established by inspected main chain, vehicle files and MAT snapshots. Do not infer from figure line width, the probability variable m, or fuel multiplier 1.2.",,
source_snapshot,mass_kg,null,unresolved,Inspected source: unresolved,,unresolved,"Not established by inspected main chain, vehicle files and MAT snapshots. Do not infer from figure line width, the probability variable m, or fuel multiplier 1.2.",,
source_snapshot,yaw_inertia,null,unresolved,Inspected source: unresolved,,unresolved,"Not established by inspected main chain, vehicle files and MAT snapshots. Do not infer from figure line width, the probability variable m, or fuel multiplier 1.2.",,
source_snapshot,front_rear_cornering_stiffness,null,unresolved,Inspected source: unresolved,,unresolved,"Not established by inspected main chain, vehicle files and MAT snapshots. Do not infer from figure line width, the probability variable m, or fuel multiplier 1.2.",,
source_snapshot,actuator_parameters,null,unresolved,Inspected source: unresolved,,unresolved,"Not established by inspected main chain, vehicle files and MAT snapshots. Do not infer from figure line width, the probability variable m, or fuel multiplier 1.2.",,
source_snapshot,sensor_specification,null,unresolved,Inspected source: unresolved,,unresolved,"Not established by inspected main chain, vehicle files and MAT snapshots. Do not infer from figure line width, the probability variable m, or fuel multiplier 1.2.",,
source_snapshot,validated_fuel_coefficient_units,null,unresolved,Inspected source: unresolved,,unresolved,"Not established by inspected main chain, vehicle files and MAT snapshots. Do not infer from figure line width, the probability variable m, or fuel multiplier 1.2.",,
source_snapshot,explicit_emission_class,null,unresolved,Inspected source: unresolved,,unresolved,"Not established by inspected main chain, vehicle files and MAT snapshots. Do not infer from figure line width, the probability variable m, or fuel multiplier 1.2.",,
phase5,formation_reference_rule,"""front_first""",enum,This study stage 5 local longitudinal R1-R5 increment,docs/phase5_implementation_plan.md: B rules comparison,supplementary_development_setting_unvalidated,"Predeclared B1 if/else comparison: retain current visible forward reference; otherwise nearest same-lane front (30m), then nearest forward adjacent corner (15m). B2 corner_first only reverses the two new-reference groups; exact ambiguity exits. No global slots, ID priority, side/rear reference or safety limit change.",,
phase5_r5,r5_enabled,true,bool,configs/phase5_r5.json,configs/phase5_r5.json:11,predeclared_r5_development_unvalidated,Separate version enabling local contention handling; never a third candidate in the frozen A/B comparison.,11,c828ecd82e6a36b91d5526f42072b969ad772da708cc2fb83b162dd67a99ed95
phase5_r5,r5_front_margin_m,2.0,m,configs/phase5_r5.json,configs/phase5_r5.json:17,predeclared_r5_development_unvalidated,"Predeclared geometric front-priority margin; equality remains ambiguous, with no label tie-break.",17,c828ecd82e6a36b91d5526f42072b969ad772da708cc2fb83b162dd67a99ed95
phase5_r5,r5_visible_inward_speed_mps,0.05,m/s,configs/phase5_r5.json,configs/phase5_r5.json:23,predeclared_r5_development_unvalidated,"Strictly greater measured inward inertial lateral speed is a conservative cue; independent m/s threshold, not hidden intent.",23,c828ecd82e6a36b91d5526f42072b969ad772da708cc2fb83b162dd67a99ed95
phase5_r5,r5_yield_deceleration_mps2,0.5,m/s^2,configs/phase5_r5.json,configs/phase5_r5.json:29,predeclared_r5_development_unvalidated,Additional yielding request magnitude; actual final request still uses inherited longitudinal and swept safety checks.,29,c828ecd82e6a36b91d5526f42072b969ad772da708cc2fb83b162dd67a99ed95
phase5_r5,r5_backoff_min_s,0.5,s,configs/phase5_r5.json,configs/phase5_r5.json:35,predeclared_r5_development_unvalidated,Lower endpoint of one private draw per persistent ambiguous episode; sealed before vehicle experiments.,35,c828ecd82e6a36b91d5526f42072b969ad772da708cc2fb83b162dd67a99ed95
phase5_r5,r5_backoff_max_s,2.0,s,configs/phase5_r5.json,configs/phase5_r5.json:41,predeclared_r5_development_unvalidated,Exclusive upper endpoint of the same private draw; different deadlines may share a behavior tick.,41,c828ecd82e6a36b91d5526f42072b969ad772da708cc2fb83b162dd67a99ed95
phase5_r5,r5_clear_stable_s,1.0,s,configs/phase5_r5.json,configs/phase5_r5.json:47,predeclared_r5_development_unvalidated,Consecutive visible no-competition duration before clearing an episode; missing time is not confirmation.,47,c828ecd82e6a36b91d5526f42072b969ad772da708cc2fb83b162dd67a99ed95
